{"bus": 40.237178034594756, "flight": 24.959589092831784, "train": 17.912229020318755, "hotel": 10.012840849006723, "taxi": 5.196767127426543, "ship": 1.6813958758214367}